height,weight,label
180,69,normal
192,79,normal
159,83,fat
150,82,fat
180,70,normal
191,93,fat
194,64,thin
185,35,thin
192,53,thin
178,82,fat
160,78,fat
163,42,thin
186,60,thin
154,100,fat
193,78,normal
193,86,normal
155,37,thin
153,100,fat
164,46,thin
177,91,fat
157,89,fat
158,75,fat
189,55,thin
194,41,thin
185,56,thin
182,45,thin
175,88,fat
192,95,fat
180,84,fat
184,38,thin
191,45,thin
162,68,fat
172,81,fat
194,84,normal
193,74,normal
157,67,fat
165,77,fat
173,82,fat
182,99,fat
161,38,thin
174,90,fat
152,38,thin
164,89,fat
152,84,fat
163,48,thin
198,63,thin
161,44,thin
194,70,normal
152,90,fat
167,98,fat
172,41,thin
182,93,fat
173,61,normal
171,71,normal
179,95,fat
194,96,fat
165,56,normal
179,81,fat
161,59,normal
199,63,thin
188,35,thin
167,78,fat
161,65,fat
200,36,thin
182,40,thin
165,49,thin
173,99,fat
159,38,thin
170,70,normal
190,50,thin
164,99,fat
180,97,fat
190,80,normal
166,91,fat
197,55,thin
178,72,normal
189,40,thin
167,77,fat
182,91,fat
195,62,thin
196,71,thin
183,67,normal
151,35,thin
194,38,thin
158,69,fat
176,52,thin
165,60,normal
177,95,fat
153,68,fat
198,40,thin
176,90,fat
187,46,thin
175,60,normal
187,79,normal
173,84,fat
186,55,thin
151,54,normal
151,39,thin
154,88,fat
184,60,thin
200,83,normal
200,47,thin
195,80,normal
162,74,fat
167,97,fat
189,50,thin
163,85,fat
187,66,normal
154,87,fat
172,76,fat
155,77,fat
159,46,thin
196,74,normal
169,58,normal
198,90,normal
173,57,normal
151,61,fat
181,91,fat
181,57,thin
153,78,fat
179,65,normal
170,47,thin
164,35,thin
173,81,fat
167,60,normal
194,90,normal
168,63,normal
183,53,thin
182,77,normal
160,99,fat
179,84,fat
188,99,fat
195,66,thin
179,93,fat
200,41,thin
199,64,thin
176,85,fat
183,91,fat
192,41,thin
156,74,fat
172,37,thin
170,98,fat
173,74,normal
160,52,normal
180,63,normal
184,52,thin
166,98,fat
152,89,fat
173,71,normal
176,71,normal
174,76,fat
159,51,normal
166,39,thin
192,83,normal
176,89,fat
189,68,normal
171,87,fat
199,83,normal
181,84,fat
175,58,normal
160,61,normal
166,49,thin
167,41,thin
191,80,normal
197,74,normal
199,52,thin
169,62,normal
197,38,thin
185,74,normal
152,36,thin
160,60,normal
160,60,normal
195,72,normal
162,58,normal
199,74,normal
184,37,thin
188,48,thin
173,98,fat
184,60,thin
178,47,thin
183,35,thin
191,51,thin
175,99,fat
181,72,normal
179,80,normal
190,84,normal
176,38,thin
195,70,thin
151,54,normal
181,81,normal
194,48,thin
193,89,normal
185,86,fat
188,82,normal
198,44,thin
158,79,fat
153,64,fat
156,89,fat
155,42,thin
150,66,fat
151,49,normal
193,38,thin
187,64,thin
187,95,fat
190,61,thin
179,78,normal
177,75,normal
165,85,fat
155,78,fat
153,81,fat
159,73,fat
157,97,fat
188,52,thin
192,70,normal
150,60,fat
164,50,normal
180,90,fat
196,78,normal
175,75,normal
171,83,fat
198,97,normal
171,59,normal
189,81,normal
154,64,fat
171,84,fat
167,51,thin
184,91,fat
197,70,thin
166,78,fat
176,48,thin
157,98,fat
161,81,fat
185,54,thin
188,70,normal
174,77,fat
169,82,fat
172,77,fat
182,93,fat
154,57,normal
189,86,normal
163,76,fat
189,81,normal
189,79,normal
159,72,fat
171,77,fat
192,85,normal
152,77,fat
191,44,thin
192,47,thin
166,55,normal
181,46,thin
193,74,normal
160,91,fat
164,71,fat
154,64,fat
162,60,normal
167,50,thin
190,62,thin
187,58,thin
180,74,normal
179,51,thin
180,85,fat
178,94,fat
174,81,fat
167,60,normal
165,97,fat
182,78,normal
172,86,fat
169,52,thin
151,44,normal
192,72,normal
174,72,normal
180,54,thin
194,88,normal
186,75,normal
161,68,fat
177,87,fat
153,53,normal
153,92,fat
157,74,fat
165,55,normal
163,50,normal
199,83,normal
182,97,fat
169,46,thin
162,53,normal
164,83,fat
183,67,normal
183,81,normal
200,59,thin
158,61,normal
198,48,thin
200,65,thin
166,39,thin
184,91,fat
156,97,fat
189,58,thin
186,42,thin
177,73,normal
151,98,fat
174,80,fat
175,45,thin
154,93,fat
185,86,fat
184,36,thin
182,82,normal
176,53,thin
151,77,fat
200,44,thin
183,70,normal
169,63,normal
169,87,fat
167,100,fat
197,85,normal
183,45,thin
199,40,thin
168,81,fat
194,71,normal
172,45,thin
191,50,thin
152,49,normal
159,43,thin
188,54,thin
158,99,fat
184,56,thin
161,80,fat
164,86,fat
151,53,normal
168,93,fat
186,93,fat
194,76,normal
198,56,thin
166,36,thin
168,90,fat
198,90,normal
163,56,normal
151,80,fat
172,72,normal
156,97,fat
173,88,fat
172,76,fat
152,73,fat
184,36,thin
169,75,fat
158,42,thin
170,65,normal
184,61,thin
157,46,normal
154,57,normal
197,90,normal
193,78,normal
167,40,thin
177,63,normal
173,75,fat
171,41,thin
190,75,normal
192,96,fat
163,63,normal
189,43,thin
156,96,fat
181,55,thin
182,60,thin
193,94,fat
184,84,normal
195,78,normal
162,52,normal
187,56,thin
183,95,fat
195,92,normal
159,49,normal
162,87,fat
163,57,normal
166,44,thin
170,95,fat
193,92,normal
183,46,thin
177,85,fat
162,56,normal
186,57,thin
191,53,thin
155,56,normal
196,76,normal
190,56,thin
152,64,fat
180,97,fat
197,52,thin
160,46,thin
179,64,normal
159,98,fat
200,53,thin
167,66,normal
183,68,normal
166,45,thin
175,55,thin
185,69,normal
184,38,thin
177,40,thin
178,51,thin
162,90,fat
199,58,thin
193,42,thin
193,37,thin
150,50,normal
196,53,thin
175,73,normal
185,61,thin
155,91,fat
191,46,thin
182,57,thin
200,72,thin
154,55,normal
175,38,thin
171,36,thin
159,48,normal
155,36,thin
167,82,fat
166,73,fat
196,80,normal
157,56,normal
178,47,thin
194,90,normal
200,87,normal
173,70,normal
173,48,thin
156,76,fat
167,64,normal
194,76,normal
166,96,fat
180,78,normal
150,50,normal
155,86,fat
150,55,normal
164,91,fat
181,85,fat
194,84,normal
194,43,thin
155,55,normal
188,92,fat
160,92,fat
169,73,fat
196,65,thin
153,35,thin
162,75,fat
181,85,fat
185,75,normal
198,57,thin
158,43,thin
176,51,thin
155,77,fat
174,35,thin
170,94,fat
167,80,fat
154,74,fat
171,78,fat
151,48,normal
171,89,fat
165,69,fat
162,42,thin
176,52,thin
163,36,thin
197,64,thin
168,48,thin
153,53,normal
151,82,fat
184,46,thin
173,61,normal
161,90,fat
189,50,thin
155,45,normal
198,80,normal
180,58,thin
158,57,normal
196,98,fat
171,89,fat
156,58,normal
197,54,thin
169,91,fat
198,49,thin
153,38,thin
180,42,thin
153,100,fat
196,65,thin
199,75,normal
195,36,thin
169,56,normal
184,88,fat
190,88,normal
154,77,fat
157,40,thin
181,47,thin
153,95,fat
191,89,normal
199,74,normal
191,96,fat
181,89,fat
187,66,normal
185,95,fat
175,51,thin
190,60,thin
187,35,thin
179,77,normal
160,64,normal
180,70,normal
183,44,thin
163,53,normal
161,37,thin
160,98,fat
185,89,fat
164,87,fat
192,90,normal
160,57,normal
193,79,normal
185,98,fat
170,57,normal
178,57,thin
151,48,normal
165,67,normal
195,87,normal
186,71,normal
178,78,normal
190,93,fat
177,43,thin
194,35,thin
157,50,normal
184,99,fat
184,39,thin
159,60,normal
184,42,thin
151,50,normal
177,84,fat
178,38,thin
189,92,fat
174,40,thin
161,79,fat
153,60,fat
175,48,thin
167,70,fat
174,59,normal
193,85,normal
163,75,fat
165,48,thin
160,61,normal
196,97,fat
188,93,fat
199,59,thin
198,55,thin
190,49,thin
184,42,thin
155,53,normal
177,83,fat
173,50,thin
182,84,fat
188,98,fat
189,90,fat
153,63,fat
159,69,fat
180,92,fat
157,77,fat
168,35,thin
163,65,normal
194,99,fat
176,51,thin
155,39,thin
175,38,thin
182,70,normal
169,64,normal
159,40,thin
150,92,fat
198,96,normal
152,79,fat
156,36,thin
161,70,fat
187,97,fat
161,52,normal
181,82,fat
186,39,thin
156,93,fat
173,75,fat
199,85,normal
164,88,fat
198,75,normal
157,63,fat
168,95,fat
158,85,fat
169,53,normal
154,64,fat
154,59,normal
197,53,thin
199,88,normal
157,74,fat
157,47,normal
167,90,fat
180,53,thin
191,66,thin
170,88,fat
162,90,fat
161,58,normal
184,66,normal
166,74,fat
168,93,fat
166,98,fat
158,69,fat
159,60,normal
183,64,normal
162,76,fat
150,36,thin
186,99,fat
190,50,thin
179,93,fat
200,57,thin
173,95,fat
197,50,thin
169,52,thin
182,89,fat
196,86,normal
176,97,fat
186,82,normal
170,81,fat
179,74,normal
191,79,normal
189,36,thin
179,57,thin
186,70,normal
178,38,thin
172,100,fat
196,51,thin
176,81,fat
160,53,normal
193,75,normal
200,46,thin
182,90,fat
164,52,normal
169,70,normal
182,87,fat
150,46,normal
164,89,fat
193,98,fat
166,48,thin
163,83,fat
180,70,normal
178,80,fat
189,63,thin
183,48,thin
187,76,normal
185,45,thin
160,92,fat
157,90,fat
180,39,thin
182,52,thin
180,98,fat
177,84,fat
164,65,normal
164,94,fat
169,87,fat
196,68,thin
186,100,fat
157,86,fat
174,78,fat
190,39,thin
195,61,thin
155,36,thin
166,46,thin
160,100,fat
193,64,thin
182,48,thin
152,96,fat
189,64,thin
185,70,normal
193,37,thin
167,35,thin
177,81,fat
186,59,thin
182,36,thin
171,100,fat
170,40,thin
192,38,thin
172,88,fat
179,98,fat
151,93,fat
177,67,normal
174,54,thin
151,91,fat
184,82,normal
175,99,fat
176,51,thin
173,78,fat
189,100,fat
187,51,thin
185,36,thin
173,62,normal
153,68,fat
183,73,normal
164,48,thin
188,70,normal
160,36,thin
170,41,thin
199,43,thin
158,67,fat
174,37,thin
154,87,fat
173,67,normal
156,100,fat
164,67,normal
196,94,normal
191,100,fat
154,99,fat
189,89,normal
173,56,normal
170,84,fat
153,98,fat
199,39,thin
184,90,fat
184,72,normal
189,49,thin
150,80,fat
186,47,thin
192,80,normal
169,68,normal
197,41,thin
168,64,normal
185,78,normal
185,73,normal
176,46,thin
175,70,normal
191,79,normal
156,67,fat
155,98,fat
156,45,thin
150,78,fat
179,39,thin
154,99,fat
178,35,thin
185,75,normal
191,59,thin
171,43,thin
198,51,thin
180,55,thin
178,78,normal
180,83,fat
197,77,normal
161,90,fat
151,56,normal
188,49,thin
164,44,thin
173,83,fat
194,41,thin
155,74,fat
179,91,fat
164,49,thin
166,93,fat
173,68,normal
175,41,thin
161,72,fat
156,60,normal
185,67,normal
182,74,normal
193,53,thin
188,59,thin
192,80,normal
164,66,normal
173,41,thin
176,48,thin
152,49,normal
159,98,fat
182,96,fat
166,76,fat
181,99,fat
200,67,thin
164,68,fat
165,48,thin
200,44,thin
192,62,thin
183,58,thin
184,76,normal
172,78,fat
177,35,thin
174,51,thin
187,39,thin
181,81,normal
162,92,fat
167,85,fat
158,52,normal
186,96,fat
199,93,normal
161,57,normal
194,75,normal
169,48,thin
157,48,normal
184,72,normal
189,96,fat
185,49,thin
172,48,thin
182,37,thin
161,77,fat
195,79,normal
168,71,fat
186,61,thin
162,55,normal
177,74,normal
157,53,normal
197,88,normal
200,58,thin
182,57,thin
182,84,fat
179,85,fat
158,96,fat
159,36,thin
170,38,thin
185,52,thin
153,82,fat
163,73,fat
199,86,normal
197,91,normal
160,68,fat
169,100,fat
154,72,fat
192,48,thin
150,73,fat
160,47,thin
169,100,fat
199,49,thin
199,98,normal
174,74,normal
159,69,fat
154,99,fat
169,70,normal
182,58,thin
178,57,thin
150,77,fat
156,65,fat
191,59,thin
199,98,normal
158,81,fat
159,41,thin
191,96,fat
194,67,thin
188,50,thin
164,84,fat
199,55,thin
157,41,thin
184,55,thin
165,98,fat
158,41,thin
155,94,fat
162,93,fat
184,58,thin
174,49,thin
161,53,normal
172,77,fat
163,37,thin
191,43,thin
184,57,thin
172,82,fat
176,67,normal
160,54,normal
198,38,thin
164,64,normal
178,54,thin
191,70,normal
155,79,fat
189,41,thin
184,36,thin
170,99,fat
197,98,fat
154,83,fat
158,46,thin
166,68,normal
172,94,fat
157,74,fat
160,49,normal
195,72,normal
189,74,normal
197,91,normal
159,38,thin
167,48,thin
160,43,thin
197,89,normal
179,88,fat
161,39,thin
188,35,thin
163,62,normal
166,86,fat
193,71,normal
183,83,normal
166,41,thin
161,37,thin
187,40,thin
184,74,normal
191,96,fat
155,53,normal
185,51,thin
198,43,thin
182,77,normal
173,67,normal
171,70,normal
175,84,fat
157,71,fat
163,89,fat
192,72,normal
171,65,normal
173,96,fat
159,85,fat
153,57,normal
154,51,normal
199,52,thin
154,36,thin
192,39,thin
199,35,thin
176,80,fat
154,79,fat
158,61,normal
169,71,normal
159,46,thin
171,48,thin
189,73,normal
161,67,fat
162,56,normal
195,39,thin
178,84,fat
195,95,normal
163,86,fat
186,95,fat
189,71,normal
150,81,fat
159,73,fat
192,54,thin
152,66,fat
171,44,thin
152,60,fat
183,79,normal
170,97,fat
161,66,fat
167,63,normal
177,67,normal
192,73,normal
196,59,thin
167,100,fat
167,90,fat
166,78,fat
166,55,normal
195,41,thin
179,78,normal
198,59,thin
196,70,thin
175,60,normal
186,67,normal
153,88,fat
173,89,fat
166,59,normal
177,63,normal
174,100,fat
170,97,fat
152,65,fat
195,88,normal
156,100,fat
154,98,fat
155,55,normal
163,38,thin
183,74,normal
166,77,fat
185,46,thin
150,61,fat
188,65,thin
153,97,fat
156,76,fat
171,99,fat
173,69,normal
193,92,normal
190,54,thin
171,51,thin
164,86,fat
154,43,thin
188,93,fat
173,82,fat
164,56,normal
164,86,fat
184,38,thin
165,80,fat
162,87,fat
178,83,fat
197,49,thin
158,81,fat
164,54,normal
162,85,fat
187,58,thin
161,82,fat
192,65,thin
197,49,thin
197,53,thin
194,97,fat
166,95,fat
156,42,thin
173,50,thin
162,71,fat
153,60,fat
162,61,normal
167,40,thin
152,55,normal
173,82,fat
196,42,thin
194,43,thin
198,95,normal
178,68,normal
180,69,normal
185,47,thin
151,88,fat
195,55,thin
176,76,normal
177,43,thin
177,90,fat
184,93,fat
175,39,thin
168,64,normal
184,67,normal
156,48,normal
188,58,thin
151,48,normal
156,53,normal
184,65,normal
191,85,normal
173,47,thin
199,65,thin
191,68,normal
199,86,normal
155,49,normal
153,99,fat
172,65,normal
181,86,fat
150,55,normal
197,45,thin
159,90,fat
163,54,normal
181,87,fat
160,53,normal
177,44,thin
162,35,thin
163,37,thin
166,53,normal
188,46,thin
169,85,fat
162,53,normal
180,98,fat
174,96,fat
161,88,fat
187,55,thin
165,50,thin
156,64,fat
171,43,thin
169,67,normal
177,44,thin
188,48,thin
178,68,normal
182,40,thin
157,77,fat
191,53,thin
182,58,thin
175,76,normal
182,71,normal
183,97,fat
171,46,thin
197,48,thin
185,72,normal
172,37,thin
170,94,fat
157,78,fat
165,91,fat
197,63,thin
183,99,fat
198,42,thin
158,71,fat
194,61,thin
170,97,fat
154,74,fat
195,83,normal
156,56,normal
175,88,fat
156,44,thin
163,70,fat
170,71,normal
180,96,fat
171,88,fat
160,64,normal
196,66,thin
171,69,normal
193,38,thin
188,81,normal
192,89,normal
160,62,normal
156,56,normal
156,61,fat
166,100,fat
166,64,normal
150,53,normal
168,92,fat
182,46,thin
179,84,fat
190,62,thin
182,40,thin
198,71,thin
152,64,fat
156,83,fat
161,97,fat
192,36,thin
179,71,normal
189,74,normal
190,89,normal
187,90,fat
172,37,thin
186,36,thin
182,37,thin
158,39,thin
168,56,normal
175,63,normal
156,41,thin
194,42,thin
192,97,fat
180,67,normal
192,48,thin
190,95,fat
156,49,normal
192,52,thin
163,96,fat
166,81,fat
173,84,fat
172,64,normal
196,97,fat
181,53,thin
176,70,normal
158,83,fat
167,43,thin
160,40,thin
185,46,thin
195,35,thin
181,45,thin
162,57,normal
181,96,fat
150,72,fat
162,77,fat
155,38,thin
169,35,thin
159,70,fat
194,45,thin
199,62,thin
150,47,normal
190,70,normal
155,43,thin
169,78,fat
156,38,thin
200,77,normal
162,56,normal
153,51,normal
154,60,fat
165,38,thin
196,56,thin
170,81,fat
152,61,fat
167,72,fat
164,59,normal
177,41,thin
166,95,fat
187,85,normal
158,59,normal
182,100,fat
178,82,fat
186,97,fat
154,46,normal
162,50,normal
157,46,normal
161,69,fat
186,56,thin
190,40,thin
167,67,normal
188,43,thin
177,68,normal
161,84,fat
184,61,thin
188,54,thin
196,68,thin
198,44,thin
169,67,normal
163,56,normal
154,75,fat
178,65,normal
153,49,normal
176,86,fat
158,97,fat
200,85,normal
192,46,thin
151,76,fat
196,77,normal
195,88,normal
152,77,fat
196,67,thin
176,48,thin
174,100,fat
167,66,normal
192,49,thin
166,35,thin
165,74,fat
175,52,thin
164,83,fat
174,57,normal
171,66,normal
195,99,fat
168,99,fat
184,88,fat
171,43,thin
171,85,fat
168,72,fat
159,47,normal
184,100,fat
182,64,normal
157,43,thin
196,80,normal
163,36,thin
158,67,fat
167,92,fat
151,91,fat
172,52,thin
196,43,thin
162,73,fat
171,99,fat
167,62,normal
176,82,fat
188,60,thin
190,58,thin
157,46,normal
175,85,fat
154,71,fat
194,94,normal
170,41,thin
196,98,fat
195,76,normal
187,87,normal
170,57,normal
173,46,thin
156,80,fat
169,99,fat
162,53,normal
196,42,thin
173,80,fat
173,37,thin
167,86,fat
185,71,normal
168,72,fat
173,49,thin
190,72,normal
195,93,normal
154,71,fat
182,55,thin
187,100,fat
157,41,thin
168,78,fat
180,88,fat
165,53,normal
168,75,fat
195,57,thin
191,64,thin
188,77,normal
194,56,thin
166,67,normal
183,65,normal
163,71,fat
192,95,fat
178,64,normal
156,66,fat
199,39,thin
166,44,thin
193,69,normal
194,78,normal
176,72,normal
155,51,normal
161,79,fat
151,70,fat
161,60,normal
160,81,fat
163,86,fat
174,35,thin
157,87,fat
186,43,thin
162,80,fat
172,80,fat
183,78,normal
188,74,normal
160,40,thin
168,70,normal
164,94,fat
151,36,thin
198,88,normal
168,59,normal
199,58,thin
173,72,normal
187,48,thin
183,49,thin
171,67,normal
191,88,normal
169,48,thin
188,91,fat
153,95,fat
156,92,fat
157,68,fat
167,59,normal
164,48,thin
183,38,thin
198,62,thin
171,46,thin
158,92,fat
152,53,normal
176,86,fat
159,79,fat
197,96,normal
152,68,fat
156,72,fat
198,67,thin
178,42,thin
196,43,thin
174,69,normal
183,52,thin
152,70,fat
189,56,thin
164,66,normal
163,62,normal
168,92,fat
174,74,normal
188,92,fat
191,61,thin
198,45,thin
181,60,thin
159,53,normal
190,42,thin
157,85,fat
199,75,normal
159,37,thin
170,38,thin
163,50,normal
181,77,normal
186,50,thin
161,52,normal
162,62,normal
198,65,thin
177,72,normal
193,94,fat
176,76,normal
179,64,normal
186,58,thin
173,90,fat
165,65,normal
195,92,normal
169,99,fat
195,46,thin
199,62,thin
155,63,fat
168,39,thin
162,73,fat
155,44,thin
166,78,fat
180,75,normal
187,37,thin
197,80,normal
200,98,normal
199,66,thin
165,77,fat
172,93,fat
186,89,fat
174,77,fat
175,55,thin
176,64,normal
168,79,fat
160,55,normal
151,76,fat
194,78,normal
189,64,thin
153,71,fat
177,49,thin
165,43,thin
160,60,normal
178,42,thin
199,54,thin
163,69,fat
177,79,fat
171,50,thin
170,60,normal
170,35,thin
165,89,fat
197,95,normal
170,35,thin
169,64,normal
171,73,normal
151,43,normal
178,45,thin
157,78,fat
157,70,fat
177,54,thin
191,83,normal
199,61,thin
168,61,normal
153,92,fat
186,35,thin
160,94,fat
162,42,thin
178,41,thin
170,53,thin
176,87,fat
195,42,thin
177,87,fat
165,93,fat
183,92,fat
169,51,thin
163,50,normal
159,62,normal
192,79,normal
183,52,thin
181,44,thin
160,86,fat
181,69,normal
153,83,fat
181,61,normal
200,77,normal
186,90,fat
188,86,normal
191,62,thin
197,69,thin
177,78,normal
200,38,thin
166,87,fat
197,69,thin
184,92,fat
186,98,fat
162,100,fat
161,93,fat
150,42,normal
151,84,fat
154,89,fat
169,56,normal
162,94,fat
188,86,normal
184,86,fat
175,58,normal
193,72,normal
167,86,fat
165,56,normal
184,42,thin
163,48,thin
160,92,fat
176,48,thin
163,85,fat
156,48,normal
165,47,thin
196,45,thin
190,98,fat
170,91,fat
151,39,thin
181,52,thin
166,94,fat
168,41,thin
178,71,normal
177,44,thin
153,81,fat
160,80,fat
168,97,fat
157,84,fat
190,90,normal
155,46,normal
154,52,normal
190,36,thin
195,57,thin
170,71,normal
170,90,fat
161,93,fat
185,64,normal
194,64,thin
155,66,fat
179,85,fat
159,43,thin
191,79,normal
193,58,thin
171,83,fat
196,100,fat
194,71,normal
171,91,fat
199,88,normal
169,43,thin
163,43,thin
183,87,fat
182,40,thin
150,76,fat
160,97,fat
160,83,fat
151,77,fat
174,68,normal
189,55,thin
193,48,thin
158,49,normal
191,78,normal
179,65,normal
161,97,fat
189,100,fat
160,45,thin
187,53,thin
170,67,normal
191,85,normal
166,35,thin
157,73,fat
193,37,thin
192,40,thin
181,87,fat
183,48,thin
180,90,fat
169,98,fat
163,70,fat
198,67,thin
189,95,fat
156,75,fat
191,87,normal
154,86,fat
196,56,thin
194,72,normal
174,86,fat
171,77,fat
150,47,normal
163,57,normal
199,75,normal
199,72,thin
198,97,normal
150,60,fat
198,37,thin
152,46,normal
174,58,normal
180,98,fat
196,82,normal
189,93,fat
181,50,thin
155,86,fat
154,70,fat
185,77,normal
180,49,thin
186,83,normal
188,80,normal
171,36,thin
151,43,normal
157,93,fat
158,69,fat
180,97,fat
194,96,fat
188,73,normal
169,75,fat
181,80,normal
164,43,thin
178,63,normal
174,88,fat
197,67,thin
176,70,normal
170,81,fat
189,66,thin
171,82,fat
170,49,thin
176,94,fat
182,42,thin
190,67,normal
171,80,fat
154,94,fat
153,49,normal
190,81,normal
188,39,thin
189,92,fat
151,47,normal
176,54,thin
166,65,normal
200,85,normal
199,65,thin
191,49,thin
152,92,fat
156,56,normal
193,57,thin
170,74,fat
150,56,normal
171,93,fat
199,91,normal
177,36,thin
198,74,normal
189,73,normal
194,90,normal
150,60,fat
151,94,fat
167,43,thin
175,81,fat
152,72,fat
163,98,fat
197,36,thin
194,45,thin
198,62,thin
180,75,normal
152,92,fat
150,71,fat
176,71,normal
196,48,thin
185,48,thin
166,51,normal
166,55,normal
162,69,fat
194,95,fat
176,38,thin
155,41,thin
193,38,thin
155,44,thin
172,36,thin
177,65,normal
177,47,thin
191,74,normal
185,55,thin
150,53,normal
169,48,thin
151,97,fat
175,38,thin
161,90,fat
195,66,thin
162,83,fat
151,40,thin
163,92,fat
181,78,normal
172,42,thin
190,41,thin
178,49,thin
199,40,thin
182,36,thin
162,89,fat
174,86,fat
175,83,fat
199,74,normal
190,60,thin
165,35,thin
152,45,normal
165,45,thin
196,100,fat
165,63,normal
166,82,fat
177,97,fat
165,55,normal
150,52,normal
195,37,thin
200,70,thin
189,67,normal
157,50,normal
150,100,fat
178,73,normal
184,72,normal
173,81,fat
153,74,fat
189,41,thin
167,96,fat
163,82,fat
183,63,normal
185,88,fat
193,88,normal
151,36,thin
199,97,normal
189,40,thin
162,47,thin
184,43,thin
165,65,normal
189,72,normal
169,93,fat
156,71,fat
155,48,normal
150,38,thin
153,74,fat
162,73,fat
155,45,normal
191,82,normal
175,83,fat
160,83,fat
169,68,normal
181,42,thin
200,43,thin
188,96,fat
155,90,fat
171,99,fat
175,92,fat
172,35,thin
171,68,normal
174,39,thin
153,78,fat
190,61,thin
177,54,thin
166,60,normal
172,78,fat
189,61,thin
168,74,fat
182,35,thin
177,77,normal
175,93,fat
181,46,thin
162,79,fat
187,64,thin
176,53,thin
159,100,fat
191,62,thin
183,68,normal
190,95,fat
187,53,thin
155,60,normal
176,98,fat
173,60,normal
192,81,normal
179,83,fat
174,95,fat
155,71,fat
150,38,thin
184,72,normal
165,41,thin
159,57,normal
178,58,thin
157,77,fat
181,69,normal
173,43,thin
160,54,normal
163,100,fat
197,68,thin
187,81,normal
161,90,fat
151,63,fat
159,60,normal
185,95,fat
194,51,thin
192,68,thin
173,54,thin
150,60,fat
165,61,normal
171,50,thin
161,86,fat
167,78,fat
176,99,fat
161,41,thin
183,49,thin
198,77,normal
198,38,thin
156,74,fat
178,58,thin
195,76,normal
194,48,thin
194,76,normal
167,42,thin
187,89,fat
172,46,thin
166,74,fat
195,73,normal
171,96,fat
157,69,fat
159,61,normal
195,96,fat
169,56,normal
193,42,thin
164,85,fat
177,48,thin
162,62,normal
166,48,thin
153,56,normal
153,60,fat
187,93,fat
159,52,normal
168,98,fat
185,66,normal
165,72,fat
197,68,thin
200,99,normal
196,72,normal
194,87,normal
165,90,fat
158,83,fat
193,69,normal
172,98,fat
183,82,normal
182,65,normal
178,62,normal
157,66,fat
155,67,fat
199,52,thin
164,62,normal
186,56,thin
173,72,normal
193,65,thin
182,57,thin
188,94,fat
199,90,normal
158,79,fat
192,51,thin
200,64,thin
169,71,normal
156,94,fat
198,83,normal
161,89,fat
150,94,fat
179,97,fat
174,54,thin
173,68,normal
186,65,normal
155,58,normal
172,69,normal
197,40,thin
153,95,fat
157,76,fat
167,53,normal
159,38,thin
187,37,thin
162,80,fat
176,37,thin
161,92,fat
196,92,normal
180,37,thin
164,66,normal
161,44,thin
176,86,fat
190,43,thin
182,70,normal
162,66,fat
167,46,thin
178,97,fat
193,40,thin
193,40,thin
161,59,normal
160,67,fat
200,90,normal
172,58,normal
171,68,normal
157,76,fat
193,38,thin
196,98,fat
156,48,normal
173,38,thin
155,69,fat
165,92,fat
191,58,thin
196,55,thin
189,75,normal
151,85,fat
195,94,normal
198,76,normal
195,55,thin
169,88,fat
186,68,normal
163,62,normal
190,53,thin
192,74,normal
165,53,normal
191,78,normal
168,59,normal
168,67,normal
182,95,fat
151,52,normal
158,62,normal
158,59,normal
181,48,thin
181,82,fat
174,96,fat
189,39,thin
164,99,fat
162,51,normal
171,63,normal
200,56,thin
177,55,thin
164,65,normal
174,89,fat
171,48,thin
191,70,normal
190,44,thin
196,58,thin
151,48,normal
150,68,fat
171,84,fat
159,67,fat
167,45,thin
183,90,fat
151,82,fat
160,76,fat
169,53,normal
155,37,thin
200,81,normal
196,64,thin
175,66,normal
180,97,fat
161,78,fat
159,72,fat
190,81,normal
170,59,normal
188,72,normal
150,71,fat
174,93,fat
173,88,fat
153,47,normal
161,57,normal
197,36,thin
191,77,normal
190,67,normal
170,37,thin
151,86,fat
193,80,normal
194,82,normal
186,41,thin
190,98,fat
179,86,fat
167,98,fat
156,44,thin
165,59,normal
169,43,thin
180,82,fat
190,63,thin
193,69,normal
152,68,fat
195,90,normal
179,60,normal
180,59,thin
164,51,normal
197,100,fat
158,35,thin
163,58,normal
163,55,normal
164,67,normal
157,63,fat
153,68,fat
154,82,fat
168,55,normal
181,62,normal
180,85,fat
174,39,thin
171,70,normal
162,79,fat
186,53,thin
171,39,thin
191,38,thin
166,49,thin
156,83,fat
160,67,fat
194,50,thin
181,73,normal
186,59,thin
156,50,normal
154,99,fat
165,64,normal
194,42,thin
183,99,fat
155,61,fat
194,50,thin
167,47,thin
177,72,normal
192,55,thin
174,50,thin
186,66,normal
164,87,fat
159,94,fat
165,97,fat
166,49,thin
164,76,fat
189,58,thin
165,59,normal
155,72,fat
158,70,fat
157,37,thin
175,98,fat
199,70,thin
167,62,normal
195,85,normal
165,86,fat
190,89,normal
197,96,normal
174,39,thin
154,48,normal
164,46,thin
190,54,thin
200,59,thin
194,63,thin
160,97,fat
200,88,normal
171,63,normal
186,63,thin
185,77,normal
191,48,thin
194,77,normal
182,35,thin
200,44,thin
183,88,fat
167,45,thin
151,98,fat
174,96,fat
194,83,normal
188,97,fat
187,55,thin
195,88,normal
171,70,normal
186,94,fat
184,44,thin
174,63,normal
176,46,thin
162,86,fat
151,70,fat
172,58,normal
166,71,fat
171,85,fat
157,86,fat
153,81,fat
150,53,normal
191,51,thin
160,79,fat
166,74,fat
160,40,thin
167,60,normal
192,57,thin
164,42,thin
195,38,thin
183,95,fat
185,38,thin
162,80,fat
173,89,fat
194,48,thin
185,53,thin
159,91,fat
199,96,normal
194,44,thin
197,45,thin
199,61,thin
194,51,thin
180,75,normal
164,98,fat
174,86,fat
192,54,thin
189,51,thin
162,66,fat
181,35,thin
200,47,thin
195,100,fat
163,51,normal
186,86,normal
186,100,fat
168,89,fat
192,92,normal
166,99,fat
187,85,normal
198,66,thin
173,36,thin
197,86,normal
153,84,fat
180,58,thin
175,35,thin
182,100,fat
167,61,normal
189,97,fat
153,38,thin
172,83,fat
153,55,normal
183,81,normal
197,96,normal
159,44,thin
187,95,fat
197,77,normal
176,100,fat
153,88,fat
154,82,fat
174,84,fat
160,60,normal
183,87,fat
173,72,normal
188,47,thin
152,69,fat
176,47,thin
200,48,thin
170,68,normal
155,83,fat
161,91,fat
159,99,fat
183,47,thin
178,57,thin
181,78,normal
200,88,normal
164,84,fat
153,81,fat
184,89,fat
178,84,fat
195,90,normal
161,100,fat
159,72,fat
150,93,fat
195,72,normal
170,63,normal
181,51,thin
182,38,thin
162,68,fat
184,95,fat
159,37,thin
185,43,thin
192,96,fat
163,37,thin
188,86,normal
185,50,thin
162,71,fat
171,82,fat
183,70,normal
186,39,thin
198,73,normal
173,70,normal
162,53,normal
187,59,thin
188,96,fat
188,84,normal
197,74,normal
151,54,normal
182,43,thin
169,87,fat
179,78,normal
152,41,thin
191,75,normal
192,70,normal
175,90,fat
186,67,normal
172,75,fat
190,43,thin
153,73,fat
184,99,fat
160,75,fat
153,98,fat
172,50,thin
188,53,thin
170,37,thin
191,80,normal
150,96,fat
191,98,fat
166,36,thin
195,85,normal
175,57,normal
169,73,fat
150,53,normal
192,35,thin
163,57,normal
169,90,fat
191,86,normal
150,56,normal
188,97,fat
190,41,thin
172,72,normal
153,56,normal
195,66,thin
196,96,normal
168,62,normal
161,93,fat
195,42,thin
158,83,fat
158,47,normal
191,51,thin
156,91,fat
196,75,normal
180,46,thin
161,59,normal
185,37,thin
200,43,thin
162,96,fat
197,59,thin
182,87,fat
175,91,fat
172,39,thin
191,43,thin
191,44,thin
159,50,normal
167,36,thin
154,98,fat
164,85,fat
186,90,fat
155,47,normal
162,44,thin
176,38,thin
178,100,fat
170,64,normal
172,40,thin
152,98,fat
188,46,thin
165,42,thin
154,79,fat
169,61,normal
195,88,normal
180,100,fat
183,91,fat
154,69,fat
176,36,thin
155,41,thin
194,99,fat
190,78,normal
181,50,thin
198,92,normal
187,50,thin
186,97,fat
156,63,fat
177,100,fat
177,54,thin
175,83,fat
159,43,thin
188,36,thin
167,79,fat
168,59,normal
183,75,normal
154,50,normal
167,92,fat
172,77,fat
178,84,fat
177,41,thin
159,50,normal
198,92,normal
160,56,normal
161,81,fat
182,58,thin
152,55,normal
183,64,normal
177,55,thin
156,85,fat
168,94,fat
165,88,fat
179,56,thin
200,86,normal
150,65,fat
171,76,fat
157,84,fat
200,44,thin
199,70,thin
185,71,normal
197,66,thin
162,92,fat
175,66,normal
194,96,fat
185,65,normal
178,70,normal
170,39,thin
150,37,thin
175,77,fat
159,75,fat
190,93,fat
178,91,fat
151,46,normal
194,78,normal
184,100,fat
183,44,thin
179,86,fat
179,70,normal
168,35,thin
187,73,normal
199,55,thin
180,89,fat
194,63,thin
185,53,thin
151,76,fat
200,61,thin
163,58,normal
190,79,normal
169,89,fat
195,92,normal
160,44,thin
165,85,fat
153,54,normal
192,55,thin
158,58,normal
160,98,fat
169,80,fat
166,45,thin
175,95,fat
182,50,thin
165,40,thin
159,64,fat
151,96,fat
154,76,fat
170,92,fat
177,90,fat
198,60,thin
178,94,fat
153,53,normal
160,42,thin
183,54,thin
196,88,normal
194,36,thin
194,49,thin
158,52,normal
155,82,fat
153,62,fat
163,44,thin
192,40,thin
164,48,thin
198,67,thin
166,77,fat
152,84,fat
166,38,thin
155,70,fat
179,94,fat
178,39,thin
183,80,normal
186,84,normal
194,46,thin
197,68,thin
181,96,fat
191,37,thin
173,77,fat
163,79,fat
173,61,normal
161,99,fat
159,91,fat
188,60,thin
161,98,fat
182,49,thin
174,59,normal
163,49,thin
196,82,normal
169,81,fat
153,58,normal
159,48,normal
200,96,normal
155,39,thin
177,42,thin
196,44,thin
193,75,normal
165,67,normal
197,85,normal
160,97,fat
185,35,thin
174,77,fat
158,42,thin
162,38,thin
159,79,fat
178,66,normal
191,58,thin
200,64,thin
181,83,fat
163,88,fat
174,74,normal
151,69,fat
182,73,normal
167,45,thin
158,46,thin
176,90,fat
198,55,thin
181,78,normal
180,62,normal
160,95,fat
159,54,normal
187,73,normal
168,74,fat
175,92,fat
180,65,normal
180,75,normal
184,69,normal
154,36,thin
197,60,thin
175,100,fat
161,95,fat
158,47,normal
161,44,thin
188,36,thin
193,100,fat
161,80,fat
165,86,fat
161,62,normal
156,36,thin
163,72,fat
192,93,fat
160,70,fat
162,84,fat
184,40,thin
171,88,fat
189,82,normal
175,51,thin
174,75,normal
150,39,thin
193,94,fat
170,93,fat
166,49,thin
173,63,normal
161,56,normal
191,92,fat
183,89,fat
184,82,normal
172,65,normal
180,41,thin
150,72,fat
174,72,normal
170,54,normal
177,42,thin
163,81,fat
170,75,fat
151,54,normal
180,93,fat
192,69,normal
183,36,thin
166,63,normal
193,94,fat
161,55,normal
185,40,thin
188,86,normal
170,85,fat
171,59,normal
199,43,thin
165,89,fat
161,52,normal
181,62,normal
175,88,fat
183,71,normal
165,51,normal
154,35,thin
166,94,fat
184,35,thin
200,36,thin
158,57,normal
177,47,thin
175,53,thin
151,48,normal
186,61,thin
166,81,fat
160,42,thin
160,45,thin
188,49,thin
183,35,thin
179,60,normal
152,89,fat
156,92,fat
177,78,normal
169,45,thin
185,60,thin
173,91,fat
172,51,thin
196,82,normal
179,43,thin
185,72,normal
167,56,normal
166,69,fat
198,89,normal
161,52,normal
194,90,normal
165,68,normal
170,92,fat
156,92,fat
165,76,fat
176,78,fat
162,100,fat
181,84,fat
188,41,thin
166,92,fat
156,40,thin
163,60,normal
157,35,thin
152,60,fat
181,94,fat
177,43,thin
178,89,fat
150,89,fat
190,75,normal
190,56,thin
163,89,fat
151,63,fat
183,81,normal
179,69,normal
153,64,fat
167,74,fat
155,45,normal
169,46,thin
193,76,normal
181,79,normal
190,48,thin
193,85,normal
164,78,fat
155,36,thin
182,38,thin
173,73,normal
196,80,normal
154,86,fat
200,56,thin
156,73,fat
177,56,thin
172,50,thin
172,85,fat
192,70,normal
189,44,thin
182,59,thin
155,60,normal
180,100,fat
172,57,normal
190,97,fat
170,86,fat
155,49,normal
163,69,fat
192,75,normal
150,100,fat
150,60,fat
168,91,fat
183,79,normal
163,74,fat
165,68,normal
151,41,thin
173,68,normal
153,87,fat
171,70,normal
165,87,fat
189,91,fat
196,78,normal
190,49,thin
156,60,normal
198,81,normal
189,56,thin
177,59,normal
176,38,thin
150,97,fat
156,93,fat
185,63,thin
198,97,normal
162,83,fat
193,74,normal
174,59,normal
158,56,normal
182,42,thin
168,56,normal
184,69,normal
199,69,thin
157,89,fat
199,99,normal
186,49,thin
160,36,thin
182,44,thin
169,35,thin
171,56,normal
193,40,thin
169,61,normal
187,49,thin
184,95,fat
165,77,fat
191,64,thin
192,48,thin
192,77,normal
159,77,fat
151,86,fat
172,92,fat
185,91,fat
197,54,thin
162,42,thin
173,58,normal
200,85,normal
198,76,normal
165,66,normal
165,80,fat
159,61,normal
179,91,fat
171,53,thin
174,40,thin
178,88,fat
169,71,normal
186,46,thin
195,90,normal
170,36,thin
179,88,fat
151,64,fat
200,95,normal
150,39,thin
198,79,normal
192,58,thin
158,78,fat
164,62,normal
188,51,thin
193,73,normal
188,87,normal
184,81,normal
168,61,normal
197,56,thin
163,44,thin
180,91,fat
190,76,normal
198,72,thin
158,57,normal
177,98,fat
189,85,normal
171,50,thin
193,99,fat
151,90,fat
194,76,normal
157,79,fat
192,78,normal
156,87,fat
195,37,thin
169,36,thin
161,35,thin
152,50,normal
188,74,normal
174,88,fat
193,76,normal
183,67,normal
192,92,normal
187,39,thin
159,67,fat
156,48,normal
157,97,fat
200,75,normal
161,52,normal
164,40,thin
169,40,thin
200,84,normal
184,37,thin
187,39,thin
168,88,fat
183,96,fat
196,87,normal
157,87,fat
184,85,fat
189,60,thin
159,68,fat
190,43,thin
200,91,normal
198,87,normal
178,61,normal
169,74,fat
164,100,fat
182,100,fat
190,81,normal
173,74,normal
154,63,fat
198,55,thin
179,65,normal
176,78,fat
189,64,thin
153,78,fat
153,83,fat
198,54,thin
158,70,fat
158,60,normal
165,36,thin
157,91,fat
197,81,normal
171,62,normal
196,35,thin
175,63,normal
163,55,normal
168,61,normal
185,92,fat
154,46,normal
177,39,thin
189,49,thin
193,85,normal
167,82,fat
194,41,thin
181,100,fat
195,52,thin
199,49,thin
181,47,thin
187,43,thin
190,41,thin
169,71,normal
152,79,fat
195,53,thin
154,76,fat
161,79,fat
161,93,fat
175,50,thin
179,49,thin
158,52,normal
170,67,normal
165,56,normal
178,74,normal
182,52,thin
158,98,fat
187,61,thin
173,40,thin
180,35,thin
195,61,thin
186,50,thin
159,63,normal
168,65,normal
181,88,fat
154,55,normal
180,79,normal
150,95,fat
160,96,fat
199,47,thin
194,65,thin
187,92,fat
183,80,normal
158,75,fat
189,55,thin
189,93,fat
153,78,fat
167,65,normal
174,78,fat
151,100,fat
177,80,fat
164,35,thin
197,93,normal
189,93,fat
190,59,thin
172,38,thin
168,54,normal
152,100,fat
184,44,thin
181,52,thin
167,44,thin
158,73,fat
156,81,fat
185,76,normal
172,91,fat
160,56,normal
182,50,thin
156,43,thin
162,63,normal
166,77,fat
172,44,thin
174,50,thin
171,86,fat
170,55,normal
183,56,thin
168,66,normal
163,60,normal
160,43,thin
165,69,fat
184,65,normal
167,93,fat
151,57,normal
187,76,normal
192,55,thin
192,58,thin
161,80,fat
200,90,normal
182,99,fat
154,53,normal
197,41,thin
187,99,fat
188,91,fat
185,45,thin
198,92,normal
152,51,normal
160,68,fat
181,62,normal
196,86,normal
161,52,normal
173,98,fat
179,67,normal
166,75,fat
199,74,normal
161,64,normal
193,91,normal
171,54,thin
186,47,thin
182,71,normal
162,67,fat
164,89,fat
162,98,fat
191,82,normal
179,72,normal
188,96,fat
176,93,fat
183,91,fat
197,96,normal
159,84,fat
168,100,fat
167,80,fat
156,97,fat
169,53,normal
193,43,thin
167,59,normal
179,100,fat
163,48,thin
198,60,thin
157,93,fat
181,61,normal
186,74,normal
194,80,normal
184,71,normal
170,54,normal
179,57,thin
184,46,thin
158,45,thin
168,79,fat
154,84,fat
167,73,fat
156,95,fat
153,67,fat
156,97,fat
170,42,thin
172,85,fat
158,85,fat
197,45,thin
183,85,fat
168,60,normal
179,75,normal
188,64,thin
192,62,thin
188,83,normal
190,82,normal
184,40,thin
176,65,normal
196,79,normal
187,75,normal
167,53,normal
161,95,fat
189,91,fat
191,99,fat
180,86,fat
182,95,fat
168,98,fat
162,57,normal
153,59,fat
153,89,fat
175,77,fat
182,85,fat
170,69,normal
164,42,thin
194,99,fat
179,56,thin
184,80,normal
189,68,normal
197,36,thin
168,58,normal
170,52,thin
152,91,fat
182,62,normal
151,74,fat
179,36,thin
175,51,thin
181,90,fat
167,53,normal
175,67,normal
165,91,fat
179,62,normal
190,42,thin
179,41,thin
169,53,normal
195,54,thin
167,90,fat
162,61,normal
156,69,fat
167,40,thin
152,79,fat
173,72,normal
177,35,thin
167,52,normal
183,76,normal
188,71,normal
171,100,fat
196,80,normal
184,90,fat
195,74,normal
190,62,thin
174,89,fat
193,88,normal
157,39,thin
157,45,thin
170,90,fat
199,86,normal
170,61,normal
194,72,normal
184,69,normal
191,43,thin
187,94,fat
197,82,normal
191,90,normal
187,70,normal
154,46,normal
182,84,fat
192,41,thin
197,98,fat
167,90,fat
150,36,thin
190,57,thin
162,99,fat
180,47,thin
187,79,normal
170,40,thin
170,83,fat
156,51,normal
178,61,normal
196,39,thin
159,80,fat
174,64,normal
151,95,fat
195,67,thin
177,65,normal
174,100,fat
172,85,fat
195,84,normal
176,85,fat
189,83,normal
182,89,fat
160,76,fat
176,43,thin
199,43,thin
198,76,normal
153,78,fat
171,87,fat
163,94,fat
189,69,normal
170,70,normal
191,57,thin
173,63,normal
200,79,normal
171,40,thin
169,77,fat
169,41,thin
192,60,thin
194,53,thin
165,53,normal
190,99,fat
155,98,fat
159,83,fat
193,85,normal
164,95,fat
176,71,normal
194,67,thin
165,87,fat
169,50,thin
155,52,normal
195,88,normal
160,53,normal
156,64,fat
170,49,thin
186,89,fat
193,70,normal
167,97,fat
192,95,fat
181,63,normal
176,59,normal
176,81,fat
184,93,fat
167,65,normal
188,79,normal
161,49,normal
153,68,fat
188,45,thin
195,52,thin
151,51,normal
185,54,thin
167,59,normal
173,57,normal
172,48,thin
200,84,normal
170,79,fat
181,43,thin
194,93,normal
184,49,thin
185,91,fat
192,46,thin
182,81,normal
176,41,thin
193,43,thin
180,83,fat
198,97,normal
154,97,fat
197,39,thin
186,42,thin
172,64,normal
158,85,fat
193,91,normal
193,62,thin
172,63,normal
200,94,normal
153,89,fat
159,77,fat
164,40,thin
163,76,fat
153,94,fat
200,67,thin
175,74,normal
187,98,fat
174,54,thin
188,80,normal
167,87,fat
197,92,normal
151,78,fat
169,36,thin
157,57,normal
180,62,normal
180,80,normal
178,63,normal
169,72,fat
200,81,normal
181,66,normal
176,54,thin
154,49,normal
158,99,fat
190,95,fat
150,93,fat
199,48,thin
158,66,fat
152,70,fat
153,73,fat
182,81,normal
184,79,normal
196,68,thin
177,63,normal
194,39,thin
176,93,fat
162,44,thin
162,77,fat
153,94,fat
182,37,thin
182,81,normal
192,80,normal
195,70,thin
171,72,normal
174,41,thin
173,69,normal
164,93,fat
192,87,normal
173,75,fat
195,51,thin
151,75,fat
160,99,fat
150,56,normal
174,50,thin
174,77,fat
199,43,thin
166,84,fat
191,78,normal
196,57,thin
169,96,fat
193,45,thin
168,86,fat
162,57,normal
177,38,thin
191,70,normal
166,55,normal
192,61,thin
150,36,thin
178,76,normal
186,81,normal
193,81,normal
195,98,fat
155,68,fat
197,71,thin
165,84,fat
167,35,thin
181,41,thin
161,65,fat
188,48,thin
194,55,thin
153,77,fat
186,73,normal
184,80,normal
171,70,normal
190,62,thin
151,74,fat
176,90,fat
161,62,normal
181,71,normal
180,41,thin
153,79,fat
165,43,thin
192,65,thin
157,54,normal
184,59,thin
168,56,normal
150,90,fat
193,89,normal
187,63,thin
181,88,fat
172,86,fat
150,98,fat
179,92,fat
179,73,normal
165,43,thin
176,35,thin
151,76,fat
186,83,normal
174,85,fat
151,100,fat
163,67,fat
163,50,normal
150,83,fat
155,73,fat
185,59,thin
163,69,fat
163,42,thin
193,56,thin
185,44,thin
159,66,fat
188,44,thin
191,54,thin
186,57,thin
196,84,normal
155,35,thin
169,64,normal
198,85,normal
184,84,normal
166,82,fat
159,69,fat
169,69,normal
191,70,normal
172,62,normal
151,90,fat
188,80,normal
155,62,fat
190,44,thin
179,44,thin
194,94,normal
175,54,thin
187,71,normal
195,35,thin
177,60,normal
154,88,fat
163,64,normal
198,55,thin
196,46,thin
186,69,normal
193,50,thin
189,67,normal
173,78,fat
186,57,thin
156,47,normal
182,41,thin
171,61,normal
161,63,normal
162,95,fat
195,36,thin
172,93,fat
185,63,thin
155,56,normal
183,56,thin
150,66,fat
195,41,thin
151,40,thin
194,80,normal
189,70,normal
163,55,normal
155,52,normal
168,67,normal
183,92,fat
194,86,normal
188,63,thin
157,42,thin
163,67,fat
189,50,thin
155,98,fat
156,86,fat
167,70,fat
166,98,fat
185,59,thin
170,40,thin
183,65,normal
194,73,normal
155,63,fat
200,83,normal
181,48,thin
190,42,thin
190,64,thin
189,45,thin
178,57,thin
178,97,fat
152,90,fat
194,57,thin
151,69,fat
159,100,fat
193,40,thin
153,46,normal
193,89,normal
186,99,fat
160,51,normal
151,40,thin
161,70,fat
155,63,fat
170,100,fat
182,74,normal
159,94,fat
169,35,thin
194,97,fat
176,68,normal
189,59,thin
154,88,fat
196,89,normal
155,48,normal
165,72,fat
151,49,normal
151,48,normal
177,52,thin
167,94,fat
182,78,normal
159,86,fat
193,77,normal
194,68,thin
157,69,fat
153,71,fat
168,93,fat
198,58,thin
170,97,fat
179,78,normal
180,39,thin
158,96,fat
175,48,thin
200,89,normal
171,78,fat
181,100,fat
152,55,normal
198,69,thin
174,60,normal
181,90,fat
176,90,fat
153,58,normal
173,36,thin
155,81,fat
195,65,thin
191,65,thin
169,97,fat
169,86,fat
174,48,thin
168,66,normal
175,35,thin
184,85,fat
185,95,fat
157,49,normal
152,73,fat
150,40,thin
173,87,fat
197,52,thin
199,51,thin
155,55,normal
197,98,fat
169,59,normal
188,58,thin
195,73,normal
191,94,fat
165,77,fat
172,35,thin
193,64,thin
196,40,thin
197,81,normal
168,39,thin
165,57,normal
180,56,thin
155,69,fat
172,69,normal
152,92,fat
186,35,thin
173,99,fat
194,46,thin
196,56,thin
180,96,fat
167,51,thin
189,86,normal
153,61,fat
169,90,fat
164,100,fat
170,85,fat
195,70,thin
168,50,thin
164,67,normal
151,97,fat
192,71,normal
198,46,thin
173,39,thin
153,74,fat
165,45,thin
192,39,thin
170,94,fat
162,92,fat
164,74,fat
174,60,normal
165,72,fat
168,50,thin
196,35,thin
154,69,fat
173,37,thin
163,89,fat
162,38,thin
175,66,normal
151,67,fat
199,85,normal
182,55,thin
161,94,fat
159,80,fat
161,84,fat
167,36,thin
165,41,thin
155,88,fat
163,44,thin
176,76,normal
197,64,thin
153,79,fat
187,76,normal
177,54,thin
179,97,fat
165,80,fat
191,76,normal
196,98,fat
156,64,fat
171,45,thin
186,69,normal
155,81,fat
180,75,normal
192,68,thin
196,53,thin
187,82,normal
182,58,thin
166,53,normal
155,60,normal
170,41,thin
154,70,fat
182,43,thin
193,73,normal
158,62,normal
158,46,thin
185,59,thin
178,53,thin
166,56,normal
186,62,thin
194,35,thin
165,44,thin
178,54,thin
188,93,fat
158,90,fat
194,96,fat
160,68,fat
188,61,thin
199,83,normal
192,86,normal
172,83,fat
151,90,fat
166,97,fat
156,80,fat
162,62,normal
161,68,fat
179,92,fat
151,74,fat
191,40,thin
198,96,normal
180,85,fat
170,87,fat
150,97,fat
181,55,thin
162,44,thin
168,83,fat
165,36,thin
186,64,thin
153,53,normal
186,62,thin
154,73,fat
200,64,thin
188,42,thin
200,66,thin
173,94,fat
194,87,normal
163,35,thin
179,67,normal
187,53,thin
184,56,thin
185,71,normal
158,95,fat
180,87,fat
173,64,normal
177,50,thin
185,49,thin
156,35,thin
163,40,thin
191,99,fat
170,40,thin
158,78,fat
189,51,thin
160,43,thin
166,69,fat
152,48,normal
167,38,thin
199,53,thin
153,58,normal
178,78,normal
165,51,normal
178,57,thin
152,36,thin
186,57,thin
154,93,fat
181,94,fat
190,46,thin
189,63,thin
193,69,normal
173,63,normal
189,57,thin
190,72,normal
176,98,fat
181,61,normal
190,86,normal
170,77,fat
159,97,fat
157,94,fat
158,68,fat
184,74,normal
182,67,normal
200,86,normal
193,97,fat
166,72,fat
177,93,fat
172,100,fat
179,90,fat
189,81,normal
177,99,fat
150,91,fat
156,75,fat
164,36,thin
171,96,fat
186,90,fat
187,84,normal
185,96,fat
169,73,fat
156,56,normal
158,60,normal
172,66,normal
192,71,normal
161,98,fat
195,67,thin
168,44,thin
166,94,fat
171,84,fat
166,98,fat
163,70,fat
198,42,thin
168,59,normal
198,77,normal
183,81,normal
198,64,thin
191,62,thin
196,43,thin
195,89,normal
182,72,normal
180,80,normal
187,62,thin
160,37,thin
191,39,thin
175,68,normal
191,94,fat
164,60,normal
190,69,normal
188,64,thin
150,87,fat
179,60,normal
167,60,normal
173,78,fat
188,100,fat
155,58,normal
193,96,fat
155,97,fat
197,54,thin
172,51,thin
197,78,normal
190,62,thin
151,99,fat
164,49,thin
199,84,normal
161,72,fat
163,84,fat
186,71,normal
150,84,fat
182,76,normal
190,64,thin
186,67,normal
175,57,normal
187,65,normal
172,52,thin
159,63,normal
177,69,normal
180,68,normal
185,43,thin
150,93,fat
181,99,fat
185,90,fat
167,85,fat
150,67,fat
150,40,thin
160,98,fat
188,94,fat
178,80,fat
168,96,fat
170,60,normal
190,97,fat
152,80,fat
182,64,normal
157,44,thin
194,40,thin
155,61,fat
172,94,fat
183,72,normal
154,85,fat
186,75,normal
173,39,thin
196,76,normal
157,68,fat
198,49,thin
181,74,normal
200,73,thin
162,93,fat
200,35,thin
165,53,normal
175,68,normal
155,68,fat
162,77,fat
198,54,thin
175,69,normal
160,84,fat
160,43,thin
158,73,fat
197,37,thin
200,77,normal
158,40,thin
199,57,thin
177,55,thin
193,92,normal
199,43,thin
194,65,thin
163,72,fat
187,44,thin
185,37,thin
176,53,thin
197,54,thin
160,50,normal
191,74,normal
200,67,thin
198,51,thin
199,80,normal
164,53,normal
164,36,thin
162,88,fat
169,97,fat
194,94,normal
189,56,thin
175,72,normal
150,78,fat
195,85,normal
200,50,thin
195,95,normal
157,89,fat
161,100,fat
189,51,thin
154,97,fat
170,38,thin
182,39,thin
191,44,thin
150,58,fat
179,75,normal
169,75,fat
196,45,thin
156,79,fat
154,72,fat
190,40,thin
193,44,thin
167,46,thin
189,69,normal
162,84,fat
174,63,normal
197,95,normal
192,66,thin
181,71,normal
181,96,fat
193,45,thin
170,47,thin
181,72,normal
163,35,thin
199,81,normal
153,68,fat
174,74,normal
157,79,fat
156,65,fat
200,69,thin
163,82,fat
179,84,fat
161,73,fat
152,47,normal
152,87,fat
181,39,thin
185,42,thin
198,57,thin
162,54,normal
189,63,thin
175,56,thin
158,57,normal
181,47,thin
169,85,fat
159,92,fat
192,92,normal
167,47,thin
192,100,fat
198,35,thin
152,86,fat
182,88,fat
176,39,thin
151,75,fat
159,62,normal
189,55,thin
158,74,fat
191,35,thin
191,78,normal
195,79,normal
197,44,thin
176,94,fat
181,47,thin
178,47,thin
174,65,normal
187,51,thin
165,44,thin
197,73,normal
152,63,fat
194,71,normal
182,35,thin
181,48,thin
152,70,fat
198,56,thin
176,47,thin
197,80,normal
197,76,normal
150,68,fat
195,35,thin
179,91,fat
174,94,fat
151,52,normal
195,55,thin
153,47,normal
190,93,fat
152,76,fat
192,84,normal
183,84,fat
184,56,thin
195,90,normal
157,67,fat
184,46,thin
169,90,fat
195,93,normal
153,51,normal
160,44,thin
156,89,fat
186,84,normal
167,73,fat
179,59,thin
158,85,fat
152,37,thin
167,81,fat
184,64,normal
199,61,thin
157,81,fat
164,45,thin
195,72,normal
182,49,thin
193,80,normal
164,80,fat
184,74,normal
174,82,fat
172,71,normal
170,73,fat
191,72,normal
175,96,fat
159,54,normal
184,56,thin
179,88,fat
181,41,thin
152,43,normal
173,80,fat
164,42,thin
199,55,thin
174,62,normal
167,48,thin
174,60,normal
184,60,thin
181,60,thin
153,83,fat
170,51,thin
192,64,thin
152,69,fat
162,36,thin
162,84,fat
175,56,thin
188,49,thin
165,92,fat
188,63,thin
170,68,normal
167,70,fat
174,54,thin
152,43,normal
192,79,normal
197,79,normal
190,37,thin
181,70,normal
187,78,normal
158,41,thin
168,56,normal
161,69,fat
186,66,normal
180,56,thin
192,76,normal
184,47,thin
188,99,fat
189,55,thin
165,39,thin
162,37,thin
166,83,fat
178,63,normal
175,91,fat
192,78,normal
187,91,fat
199,55,thin
193,58,thin
186,73,normal
150,68,fat
172,54,thin
159,68,fat
183,67,normal
187,77,normal
177,53,thin
190,39,thin
197,49,thin
194,60,thin
171,92,fat
184,83,normal
154,36,thin
181,40,thin
160,60,normal
160,63,normal
179,94,fat
181,93,fat
180,99,fat
173,82,fat
168,60,normal
195,38,thin
188,78,normal
169,44,thin
192,97,fat
185,75,normal
177,61,normal
151,39,thin
180,36,thin
174,67,normal
192,41,thin
189,48,thin
156,55,normal
174,48,thin
152,72,fat
171,66,normal
195,43,thin
171,76,fat
150,85,fat
175,44,thin
180,99,fat
164,75,fat
177,39,thin
162,97,fat
160,37,thin
174,82,fat
165,74,fat
198,84,normal
167,92,fat
167,83,fat
188,61,thin
163,90,fat
195,91,normal
181,79,normal
150,93,fat
195,87,normal
177,44,thin
190,59,thin
188,53,thin
169,40,thin
151,51,normal
180,44,thin
183,94,fat
198,47,thin
164,62,normal
171,78,fat
196,45,thin
165,63,normal
165,60,normal
190,53,thin
153,35,thin
154,96,fat
183,72,normal
172,64,normal
150,43,normal
185,71,normal
151,73,fat
165,100,fat
183,56,thin
182,93,fat
197,80,normal
180,97,fat
196,40,thin
173,51,thin
159,73,fat
198,83,normal
182,76,normal
169,55,normal
190,73,normal
171,75,fat
156,56,normal
174,70,normal
154,92,fat
164,83,fat
172,63,normal
155,96,fat
168,64,normal
160,50,normal
172,71,normal
195,41,thin
157,62,fat
160,40,thin
194,100,fat
165,73,fat
198,54,thin
190,89,normal
177,45,thin
184,49,thin
162,80,fat
200,93,normal
172,62,normal
185,72,normal
191,50,thin
199,90,normal
152,40,thin
159,40,thin
179,49,thin
178,72,normal
193,98,fat
158,56,normal
193,86,normal
164,67,normal
193,76,normal
168,98,fat
198,84,normal
167,98,fat
190,99,fat
184,46,thin
191,73,normal
174,49,thin
150,60,fat
178,47,thin
172,48,thin
157,76,fat
181,58,thin
159,71,fat
157,73,fat
187,79,normal
154,48,normal
165,71,fat
188,65,thin
184,44,thin
168,67,normal
162,38,thin
183,75,normal
173,100,fat
183,98,fat
160,53,normal
180,43,thin
196,54,thin
173,78,fat
159,88,fat
195,94,normal
192,68,thin
152,93,fat
164,96,fat
161,40,thin
184,66,normal
164,97,fat
156,39,thin
165,45,thin
157,90,fat
174,60,normal
176,70,normal
152,67,fat
178,81,fat
162,64,normal
198,96,normal
188,38,thin
178,80,fat
188,79,normal
199,94,normal
161,42,thin
199,93,normal
189,83,normal
161,61,normal
160,81,fat
177,79,fat
162,75,fat
153,86,fat
176,78,fat
177,78,normal
187,80,normal
152,54,normal
194,57,thin
178,62,normal
164,49,thin
181,67,normal
193,74,normal
158,84,fat
187,56,thin
177,42,thin
167,75,fat
196,54,thin
181,79,normal
198,40,thin
170,93,fat
198,80,normal
175,43,thin
158,78,fat
164,70,fat
169,82,fat
157,86,fat
160,95,fat
198,90,normal
191,76,normal
165,36,thin
175,45,thin
200,35,thin
150,74,fat
159,84,fat
175,93,fat
188,51,thin
200,89,normal
196,43,thin
189,93,fat
186,54,thin
178,83,fat
158,82,fat
198,75,normal
174,53,thin
151,96,fat
180,93,fat
179,75,normal
178,82,fat
155,90,fat
198,82,normal
185,84,normal
187,54,thin
160,37,thin
185,69,normal
200,53,thin
178,76,normal
199,78,normal
156,87,fat
195,71,normal
185,78,normal
161,86,fat
174,58,normal
179,56,thin
193,47,thin
154,98,fat
196,89,normal
200,70,thin
169,100,fat
171,98,fat
183,37,thin
169,90,fat
157,80,fat
198,93,normal
188,100,fat
190,59,thin
169,55,normal
192,55,thin
155,73,fat
190,65,thin
195,97,fat
192,85,normal
172,76,fat
151,72,fat
151,48,normal
173,72,normal
189,75,normal
198,94,normal
196,77,normal
152,49,normal
166,37,thin
183,55,thin
156,63,fat
168,51,thin
200,70,thin
170,71,normal
193,63,thin
151,75,fat
182,66,normal
151,97,fat
198,76,normal
179,71,normal
187,44,thin
188,45,thin
158,44,thin
200,94,normal
163,39,thin
161,98,fat
163,100,fat
195,100,fat
188,47,thin
171,75,fat
168,56,normal
191,64,thin
151,65,fat
195,83,normal
193,63,thin
153,84,fat
183,70,normal
195,41,thin
181,56,thin
169,51,thin
195,42,thin
157,39,thin
151,96,fat
155,73,fat
187,82,normal
154,91,fat
170,75,fat
200,87,normal
152,97,fat
200,88,normal
157,41,thin
155,55,normal
191,51,thin
155,99,fat
154,77,fat
198,54,thin
167,86,fat
181,43,thin
187,52,thin
171,69,normal
171,57,normal
152,56,normal
165,36,thin
182,66,normal
185,45,thin
198,99,fat
171,70,normal
167,52,normal
160,97,fat
199,76,normal
187,72,normal
188,54,thin
162,65,normal
162,73,fat
185,36,thin
200,51,thin
172,54,thin
200,90,normal
154,66,fat
197,50,thin
157,36,thin
193,63,thin
196,63,thin
153,61,fat
159,67,fat
185,93,fat
177,93,fat
172,42,thin
175,75,normal
190,68,normal
176,90,fat
178,75,normal
192,100,fat
167,62,normal
167,41,thin
185,69,normal
171,53,thin
190,55,thin
181,99,fat
171,83,fat
151,79,fat
182,76,normal
176,56,thin
193,52,thin
171,77,fat
172,49,thin
184,88,fat
160,65,fat
185,45,thin
191,94,fat
186,75,normal
150,67,fat
182,66,normal
152,70,fat
153,86,fat
187,38,thin
189,52,thin
152,94,fat
185,74,normal
161,96,fat
156,51,normal
159,78,fat
196,85,normal
172,97,fat
173,47,thin
155,55,normal
190,45,thin
199,89,normal
187,57,thin
197,51,thin
185,78,normal
178,63,normal
175,61,normal
195,52,thin
188,87,normal
196,51,thin
160,75,fat
200,83,normal
196,46,thin
184,55,thin
180,84,fat
174,49,thin
199,49,thin
150,63,fat
187,54,thin
177,37,thin
161,54,normal
192,98,fat
193,82,normal
177,89,fat
181,72,normal
173,90,fat
196,60,thin
169,79,fat
157,98,fat
150,73,fat
199,55,thin
191,40,thin
156,35,thin
162,51,normal
153,41,thin
175,66,normal
158,37,thin
171,73,normal
170,81,fat
183,65,normal
166,98,fat
150,43,normal
176,89,fat
160,97,fat
177,56,thin
198,51,thin
181,99,fat
183,70,normal
186,65,normal
173,76,fat
195,45,thin
194,44,thin
186,89,fat
186,42,thin
194,54,thin
197,46,thin
171,38,thin
186,52,thin
199,65,thin
186,90,fat
181,58,thin
150,58,fat
160,87,fat
174,82,fat
166,54,normal
195,97,fat
183,57,thin
167,59,normal
170,39,thin
189,85,normal
168,65,normal
160,35,thin
186,86,normal
165,94,fat
157,37,thin
195,50,thin
173,63,normal
170,76,fat
170,37,thin
157,59,normal
200,91,normal
192,36,thin
192,71,normal
190,92,fat
192,65,thin
163,54,normal
186,71,normal
158,44,thin
194,41,thin
172,57,normal
162,100,fat
169,89,fat
188,65,thin
193,43,thin
167,52,normal
173,89,fat
175,36,thin
161,79,fat
173,80,fat
200,56,thin
168,67,normal
184,36,thin
174,42,thin
178,77,normal
178,83,fat
159,58,normal
184,89,fat
155,53,normal
198,62,thin
158,60,normal
174,56,thin
173,64,normal
160,54,normal
176,80,fat
186,62,thin
157,48,normal
195,58,thin
177,100,fat
182,87,fat
173,99,fat
179,55,thin
160,42,thin
156,77,fat
166,56,normal
200,65,thin
189,35,thin
172,82,fat
193,54,thin
152,42,thin
153,85,fat
158,46,thin
150,72,fat
163,72,fat
200,68,thin
156,81,fat
167,49,thin
178,63,normal
176,95,fat
175,57,normal
191,98,fat
158,68,fat
174,49,thin
166,41,thin
184,59,thin
198,47,thin
200,95,normal
189,87,normal
180,81,fat
170,76,fat
176,97,fat
195,39,thin
164,85,fat
179,90,fat
184,67,normal
197,87,normal
183,80,normal
177,54,thin
175,41,thin
173,39,thin
200,80,normal
186,49,thin
183,99,fat
193,50,thin
195,99,fat
192,58,thin
170,37,thin
154,100,fat
171,38,thin
158,82,fat
183,100,fat
194,48,thin
166,98,fat
159,94,fat
182,40,thin
179,55,thin
179,73,normal
180,84,fat
187,88,fat
169,37,thin
187,55,thin
154,40,thin
163,46,thin
150,67,fat
195,74,normal
186,75,normal
166,62,normal
157,100,fat
155,63,fat
154,72,fat
175,39,thin
194,91,normal
154,66,fat
190,36,thin
186,73,normal
160,80,fat
166,40,thin
154,70,fat
170,59,normal
171,48,thin
165,50,thin
151,67,fat
167,38,thin
157,95,fat
186,81,normal
153,59,fat
174,72,normal
181,71,normal
194,94,normal
157,60,normal
183,80,normal
166,69,fat
185,81,normal
190,86,normal
173,49,thin
186,75,normal
197,100,fat
170,44,thin
190,51,thin
179,46,thin
180,58,thin
153,72,fat
185,68,normal
198,60,thin
198,72,thin
184,76,normal
165,92,fat
177,56,thin
184,96,fat
181,49,thin
155,42,thin
190,47,thin
194,90,normal
186,55,thin
165,58,normal
198,81,normal
155,41,thin
192,69,normal
156,99,fat
175,54,thin
180,76,normal
196,56,thin
168,68,normal
153,86,fat
181,52,thin
160,55,normal
163,60,normal
186,37,thin
175,99,fat
179,75,normal
163,43,thin
155,71,fat
156,84,fat
179,69,normal
170,55,normal
178,48,thin
176,55,thin
169,61,normal
170,62,normal
168,91,fat
187,65,normal
178,90,fat
180,41,thin
155,39,thin
155,37,thin
154,82,fat
162,46,thin
166,84,fat
178,37,thin
157,42,thin
193,72,normal
172,64,normal
195,98,fat
158,64,fat
160,91,fat
200,50,thin
160,42,thin
168,83,fat
172,65,normal
199,94,normal
176,86,fat
179,77,normal
186,79,normal
184,45,thin
187,41,thin
154,64,fat
182,94,fat
159,82,fat
156,48,normal
155,45,normal
180,39,thin
153,80,fat
191,47,thin
168,81,fat
158,90,fat
183,80,normal
180,100,fat
194,40,thin
157,80,fat
191,38,thin
155,99,fat
172,39,thin
170,51,thin
172,43,thin
170,95,fat
193,54,thin
168,44,thin
174,91,fat
195,87,normal
194,44,thin
160,67,fat
169,45,thin
154,65,fat
184,58,thin
168,95,fat
158,86,fat
188,58,thin
159,93,fat
196,73,normal
171,70,normal
198,60,thin
167,41,thin
167,86,fat
199,35,thin
178,90,fat
186,44,thin
170,68,normal
180,57,thin
165,96,fat
185,95,fat
169,78,fat
157,75,fat
195,37,thin
181,43,thin
188,90,fat
168,84,fat
156,37,thin
161,69,fat
154,76,fat
185,91,fat
170,99,fat
174,46,thin
153,58,normal
164,73,fat
177,92,fat
174,43,thin
165,50,thin
168,70,normal
186,93,fat
158,97,fat
162,82,fat
196,83,normal
189,64,thin
152,83,fat
199,60,thin
189,97,fat
177,95,fat
197,79,normal
166,91,fat
179,47,thin
150,47,normal
166,75,fat
169,66,normal
151,52,normal
193,93,normal
155,97,fat
181,67,normal
189,40,thin
174,77,fat
191,71,normal
169,66,normal
163,73,fat
162,50,normal
174,40,thin
188,65,thin
163,54,normal
153,55,normal
175,59,normal
152,67,fat
153,43,thin
170,44,thin
183,92,fat
165,66,normal
168,78,fat
178,97,fat
184,39,thin
151,56,normal
200,88,normal
198,48,thin
186,81,normal
191,79,normal
167,72,fat
150,84,fat
170,96,fat
166,78,fat
186,62,thin
164,61,normal
192,94,fat
179,86,fat
170,60,normal
188,76,normal
150,70,fat
162,58,normal
193,47,thin
186,48,thin
197,47,thin
175,48,thin
155,93,fat
185,99,fat
166,64,normal
199,96,normal
150,59,fat
195,70,thin
196,86,normal
183,72,normal
173,37,thin
176,64,normal
158,39,thin
192,92,normal
159,77,fat
190,72,normal
170,86,fat
186,40,thin
198,39,thin
175,46,thin
181,65,normal
163,86,fat
198,84,normal
194,81,normal
192,75,normal
200,55,thin
151,59,fat
169,69,normal
185,42,thin
169,61,normal
157,54,normal
156,82,fat
157,80,fat
190,85,normal
197,93,normal
173,88,fat
180,55,thin
175,52,thin
200,94,normal
197,73,normal
190,53,thin
188,61,thin
165,57,normal
160,71,fat
166,80,fat
187,99,fat
179,40,thin
182,60,thin
160,63,normal
192,63,thin
196,87,normal
168,99,fat
157,88,fat
153,56,normal
151,88,fat
153,64,fat
200,56,thin
156,67,fat
164,76,fat
186,39,thin
174,55,thin
162,57,normal
188,50,thin
186,60,thin
181,80,normal
199,72,thin
200,36,thin
184,47,thin
177,97,fat
185,79,normal
191,47,thin
172,44,thin
194,43,thin
163,98,fat
199,95,normal
196,52,thin
199,60,thin
190,74,normal
191,50,thin
188,58,thin
158,48,normal
157,39,thin
173,90,fat
177,52,thin
198,86,normal
168,58,normal
167,55,normal
155,40,thin
167,73,fat
175,60,normal
194,49,thin
184,47,thin
163,46,thin
165,67,normal
197,46,thin
187,49,thin
189,94,fat
150,95,fat
189,69,normal
151,75,fat
150,35,thin
166,35,thin
160,95,fat
177,70,normal
193,99,fat
188,65,thin
156,42,thin
200,70,thin
155,44,thin
170,72,normal
199,73,thin
190,98,fat
165,81,fat
183,41,thin
151,63,fat
173,58,normal
186,79,normal
158,86,fat
154,53,normal
177,51,thin
171,46,thin
157,64,fat
197,66,thin
190,50,thin
162,66,fat
190,74,normal
195,47,thin
161,35,thin
154,82,fat
186,49,thin
152,99,fat
188,57,thin
175,62,normal
197,60,thin
173,63,normal
169,100,fat
183,49,thin
154,53,normal
177,90,fat
173,37,thin
155,35,thin
173,53,thin
172,39,thin
193,83,normal
181,67,normal
198,69,thin
168,65,normal
162,71,fat
199,59,thin
161,48,normal
167,76,fat
156,58,normal
200,45,thin
187,93,fat
168,81,fat
168,78,fat
166,82,fat
162,40,thin
188,93,fat
167,79,fat
198,84,normal
174,98,fat
174,78,fat
174,95,fat
165,93,fat
185,81,normal
197,49,thin
163,99,fat
191,63,thin
193,80,normal
177,65,normal
174,80,fat
171,92,fat
160,97,fat
153,87,fat
150,78,fat
168,90,fat
156,49,normal
154,65,fat
200,68,thin
161,87,fat
168,52,thin
163,95,fat
161,55,normal
160,93,fat
180,83,fat
194,47,thin
196,73,normal
157,58,normal
170,66,normal
174,40,thin
200,90,normal
164,80,fat
165,86,fat
161,73,fat
172,66,normal
174,35,thin
159,49,normal
155,42,thin
168,65,normal
176,39,thin
193,48,thin
192,47,thin
198,50,thin
188,35,thin
166,41,thin
151,62,fat
151,56,normal
180,81,fat
164,73,fat
169,99,fat
170,96,fat
159,84,fat
189,77,normal
196,75,normal
153,40,thin
195,39,thin
194,80,normal
185,100,fat
183,93,fat
169,48,thin
179,89,fat
153,75,fat
187,77,normal
188,55,thin
159,69,fat
173,46,thin
183,38,thin
169,53,normal
154,80,fat
195,91,normal
168,76,fat
183,88,fat
177,44,thin
177,95,fat
161,68,fat
169,35,thin
157,41,thin
152,42,thin
157,100,fat
174,56,thin
184,62,thin
183,72,normal
180,85,fat
164,64,normal
187,37,thin
194,60,thin
175,99,fat
161,51,normal
175,91,fat
192,72,normal
197,44,thin
193,77,normal
182,93,fat
180,96,fat
153,76,fat
160,87,fat
192,49,thin
168,57,normal
176,99,fat
188,56,thin
167,67,normal
171,67,normal
198,90,normal
190,91,fat
179,59,thin
175,58,normal
192,74,normal
182,52,thin
193,40,thin
170,71,normal
173,38,thin
198,95,normal
181,35,thin
195,90,normal
157,53,normal
161,37,thin
195,48,thin
200,91,normal
168,86,fat
187,51,thin
186,81,normal
154,46,normal
186,55,thin
156,81,fat
180,58,thin
168,58,normal
200,78,normal
180,67,normal
185,48,thin
189,78,normal
150,37,thin
153,73,fat
190,77,normal
188,61,thin
191,99,fat
152,97,fat
189,62,thin
193,38,thin
184,100,fat
198,52,thin
175,39,thin
155,80,fat
160,62,normal
198,44,thin
162,39,thin
178,64,normal
192,74,normal
166,76,fat
152,38,thin
154,84,fat
182,74,normal
189,38,thin
157,73,fat
195,50,thin
151,39,thin
192,61,thin
197,41,thin
171,65,normal
162,58,normal
152,62,fat
156,64,fat
185,40,thin
162,80,fat
187,55,thin
188,84,normal
178,69,normal
193,59,thin
156,78,fat
188,46,thin
185,38,thin
176,41,thin
180,58,thin
195,57,thin
167,80,fat
191,63,thin
191,83,normal
166,72,fat
188,75,normal
184,97,fat
196,72,normal
195,71,normal
159,99,fat
157,76,fat
193,98,fat
186,78,normal
154,48,normal
199,42,thin
157,75,fat
189,88,normal
163,42,thin
182,49,thin
168,86,fat
163,94,fat
199,100,fat
153,49,normal
200,38,thin
150,56,normal
181,99,fat
165,77,fat
155,77,fat
174,63,normal
167,75,fat
195,88,normal
175,83,fat
152,83,fat
168,81,fat
169,90,fat
169,68,normal
198,93,normal
197,63,thin
168,40,thin
154,90,fat
150,99,fat
171,36,thin
183,59,thin
195,64,thin
151,44,normal
193,74,normal
191,58,thin
179,63,normal
159,48,normal
186,36,thin
186,66,normal
185,54,thin
179,42,thin
166,52,normal
169,39,thin
193,50,thin
197,65,thin
172,45,thin
198,61,thin
175,63,normal
152,68,fat
181,44,thin
189,45,thin
150,48,normal
186,69,normal
160,56,normal
189,67,normal
156,43,thin
152,42,thin
169,49,thin
188,45,thin
162,51,normal
179,43,thin
177,51,thin
192,87,normal
180,63,normal
158,86,fat
155,82,fat
178,63,normal
158,85,fat
200,48,thin
185,65,normal
174,67,normal
191,49,thin
175,69,normal
177,88,fat
181,72,normal
151,45,normal
197,95,normal
196,62,thin
154,72,fat
184,60,thin
167,42,thin
160,75,fat
177,49,thin
179,86,fat
172,54,thin
169,75,fat
162,69,fat
192,51,thin
168,50,thin
150,85,fat
199,85,normal
158,80,fat
184,37,thin
155,81,fat
157,50,normal
158,98,fat
170,79,fat
163,79,fat
160,45,thin
177,79,fat
199,86,normal
174,79,fat
174,92,fat
171,49,thin
177,79,fat
169,79,fat
154,63,fat
177,91,fat
160,44,thin
150,90,fat
182,75,normal
187,71,normal
164,56,normal
181,39,thin
170,68,normal
171,54,thin
151,83,fat
186,46,thin
184,43,thin
192,66,thin
198,84,normal
163,75,fat
172,52,thin
166,85,fat
160,35,thin
192,61,thin
199,66,thin
196,69,thin
198,95,normal
179,46,thin
187,70,normal
185,59,thin
184,76,normal
196,85,normal
174,99,fat
199,90,normal
180,47,thin
189,95,fat
178,39,thin
178,40,thin
194,68,thin
199,45,thin
189,65,thin
171,78,fat
178,91,fat
164,57,normal
186,85,normal
169,79,fat
177,78,normal
171,95,fat
159,73,fat
181,46,thin
151,98,fat
177,95,fat
178,42,thin
170,80,fat
199,87,normal
188,39,thin
173,65,normal
170,50,thin
161,60,normal
196,47,thin
191,90,normal
163,96,fat
176,59,normal
172,54,thin
167,66,normal
186,95,fat
170,35,thin
177,58,normal
158,81,fat
190,42,thin
197,36,thin
171,61,normal
184,68,normal
169,70,normal
191,92,fat
160,77,fat
184,88,fat
150,66,fat
166,51,normal
